domain_task_id,env,vwa_lite,vwa_not_lite
chrome_030eeff7-b492-4218-b312-701ec99ee0cc,osw,0,0
chrome_06fe7178-4491-4589-810f-2e2bc9502122,osw,0,0
chrome_0d8b7de3-e8de-4d86-b9fd-dd2dce58a217,osw,0,0
chrome_12086550-11c0-466b-b367-1d9e75b3910e,osw,0,0
chrome_121ba48f-9e17-48ce-9bc6-a4fb17a7ebba,osw,0,0
chrome_1704f00f-79e6-43a7-961b-cedd3724d5fd,osw,0,0
chrome_2888b4e6-5b47-4b57-8bf5-c73827890774,osw,0,0
chrome_2ad9387a-65d8-4e33-ad5b-7580065a27ca,osw,0,0
chrome_2ae9ba84-3a0d-4d4c-8338-3a1478dc5fe3,osw,0,0
chrome_3299584d-8f11-4457-bf4c-ce98f7600250,osw,0,0
chrome_35253b65-1c19-4304-8aa4-6884b8218fc0,osw,0,0
chrome_368d9ba4-203c-40c1-9fa3-da2f1430ce63,osw,0,0
chrome_3720f614-37fd-4d04-8a6b-76f54f8c222d,osw,0,0
chrome_44ee5668-ecd5-4366-a6ce-c1c9b8d4e938,osw,0,0
chrome_47543840-672a-467d-80df-8f7c3b9788c9,osw,0,0
chrome_480bcfea-d68f-4aaa-a0a9-2589ef319381,osw,0,0
chrome_59155008-fe71-45ec-8a8f-dc35497b6aa8,osw,0,0
chrome_6766f2b8-8a72-417f-a9e5-56fcaa735837,osw,0,0
chrome_6c4c23a1-42a4-43cc-9db1-2f86ff3738cc,osw,0,0
chrome_7a5a7856-f1b6-42a4-ade9-1ca81ca0f263,osw,0,0
chrome_7b6c7e24-c58a-49fc-a5bb-d57b80e5b4c3,osw,0,0
chrome_7f52cab9-535c-4835-ac8c-391ee64dc930,osw,0,0
chrome_82279c77-8fc6-46f6-9622-3ba96f61b477,osw,0,0
chrome_82bc8d6a-36eb-4d2d-8801-ef714fb1e55a,osw,0,0
chrome_93eabf48-6a27-4cb6-b963-7d5fe1e0d3a9,osw,0,0
chrome_9656a811-9b5b-4ddf-99c7-5117bcef0626,osw,0,0
chrome_99146c54-4f37-4ab8-9327-5f3291665e1e,osw,0,0
chrome_9f3f70fc-5afc-4958-a7b7-3bb4fcb01805,osw,0,0
chrome_9f935cce-0a9f-435f-8007-817732bfc0a5,osw,0,0
chrome_a728a36e-8bf1-4bb6-9a03-ef039a5233f0,osw,0,0
chrome_a96b564e-dbe9-42c3-9ccf-b4498073438a,osw,0,0
chrome_ae78f875-5b98-4907-bbb5-9c737fc68c03,osw,0,0
chrome_af630914-714e-4a24-a7bb-f9af687d3b91,osw,0,0
chrome_b070486d-e161-459b-aa2b-ef442d973b92,osw,0,0
chrome_b4f95342-463e-4179-8c3f-193cd7241fb2,osw,0,0
chrome_b7895e80-f4d1-4648-bee0-4eb45a6f1fa8,osw,0,0
chrome_bb5e4c0d-f964-439c-97b6-bdb9747de3f4,osw,0,0
chrome_c1fa57f3-c3db-4596-8f09-020701085416,osw,0,0
chrome_cabb3bae-cccb-41bd-9f5d-0f3a9fecd825,osw,0,0
chrome_da46d875-6b82-4681-9284-653b0c7ae241,osw,0,0
chrome_e1e75309-3ddb-4d09-92ec-de869c928143,osw,0,0
chrome_f0b971a1-6831-4b9b-a50e-22a6e47f45ba,osw,0,0
chrome_f3b19d1e-2d48-44e9-b4e1-defcae1a0197,osw,0,0
chrome_f5d96daf-83a8-4c86-9686-bada31fc66ab,osw,0,0
chrome_f79439ad-3ee8-4f99-a518-0eb60e5652b0,osw,0,0
chrome_fc6d8143-9452-4171-9459-7f515143419a,osw,0,0
gimp_045bf3ff-9077-4b86-b483-a1040a949cff,osw,0,0
gimp_06ca5602-62ca-47f6-ad4f-da151cde54cc,osw,0,0
gimp_2a729ded-3296-423d-aec4-7dd55ed5fbb3,osw,0,0
gimp_2e6f678f-472d-4c55-99cc-8e7c5c402a71,osw,0,0
gimp_38f48d40-764e-4e77-a7cf-51dfce880291,osw,0,0
gimp_554785e9-4523-4e7a-b8e1-8016f565f56a,osw,0,0
gimp_58d3eeeb-e9d0-499f-962e-fd0db2a744d8,osw,0,0
gimp_5ca86c6f-f317-49d8-b6a7-b527541caae8,osw,0,0
gimp_62f7fd55-0687-4a43-b6e1-3eda16fc6252,osw,0,0
gimp_72f83cdc-bf76-4531-9a1b-eb893a13f8aa,osw,0,0
gimp_734d6579-c07d-47a8-9ae2-13339795476b,osw,0,0
gimp_7767eef2-56a3-4cea-8c9f-48c070c7d65b,osw,0,0
gimp_77b8ab4d-994f-43ac-8930-8ca087d7c4b4,osw,0,0
gimp_7a4deb26-d57d-4ea9-9a73-630f66a7b568,osw,0,0
gimp_7b7617bd-57cc-468e-9c91-40c4ec2bcb3d,osw,0,0
gimp_8ea73f6f-9689-42ad-8c60-195bbf06a7ba,osw,0,0
gimp_a746add2-cab0-4740-ac36-c3769d9bfb46,osw,0,0
gimp_b148e375-fe0b-4bec-90e7-38632b0d73c2,osw,0,0
gimp_d16c99dc-2a1e-46f2-b350-d97c86c85c15,osw,0,0
gimp_d52d6308-ec58-42b7-a2c9-de80e4837b2b,osw,0,0
gimp_dbbf4b99-2253-4b10-9274-45f246af2466,osw,0,0
gimp_e19bd559-633b-4b02-940f-d946248f088e,osw,0,0
gimp_e2dd0213-26db-4349-abe5-d5667bfd725c,osw,0,0
gimp_f4aec372-4fb0-4df5-a52b-79e0e2a5d6ce,osw,0,0
gimp_f723c744-e62c-4ae6-98d1-750d3cd7d79d,osw,0,0
gimp_fbb548ca-c2a6-4601-9204-e39a2efc507b,osw,0,0
libreoffice_calc_01b269ae-2111-4a07-81fd-3fcd711993b0,osw,0,0
libreoffice_calc_0326d92d-d218-48a8-9ca1-981cd6d064c7,osw,0,0
libreoffice_calc_035f41ba-6653-43ab-aa63-c86d449d62e5,osw,0,0
libreoffice_calc_04d9aeaf-7bed-4024-bedb-e10e6f00eb7f,osw,0,0
libreoffice_calc_0a2e43bf-b26c-4631-a966-af9dfa12c9e5,osw,0,0
libreoffice_calc_0bf05a7d-b28b-44d2-955a-50b41e24012a,osw,0,0
libreoffice_calc_0cecd4f3-74de-457b-ba94-29ad6b5dafb6,osw,0,0
libreoffice_calc_12382c62-0cd1-4bf2-bdc8-1d20bf9b2371,osw,0,0
libreoffice_calc_1273e544-688f-496b-8d89-3e0f40aa0606,osw,0,0
libreoffice_calc_1334ca3e-f9e3-4db8-9ca7-b4c653be7d17,osw,0,0
libreoffice_calc_1954cced-e748-45c4-9c26-9855b97fbc5e,osw,0,0
libreoffice_calc_1d17d234-e39d-4ed7-b46f-4417922a4e7c,osw,0,0
libreoffice_calc_1de60575-bb6e-4c3d-9e6a-2fa699f9f197,osw,0,0
libreoffice_calc_1e8df695-bd1b-45b3-b557-e7d599cf7597,osw,0,0
libreoffice_calc_21ab7b40-77c2-4ae6-8321-e00d3a086c73,osw,0,0
libreoffice_calc_21df9241-f8d7-4509-b7f1-37e501a823f7,osw,0,0
libreoffice_calc_26a8440e-c166-4c50-aef4-bfb77314b46b,osw,0,0
libreoffice_calc_2bd59342-0664-4ccb-ba87-79379096cc08,osw,0,0
libreoffice_calc_30e3e107-1cfb-46ee-a755-2cd080d7ba6a,osw,0,0
libreoffice_calc_347ef137-7eeb-4c80-a3bb-0951f26a8aff,osw,0,0
libreoffice_calc_357ef137-7eeb-4c80-a3bb-0951f26a8aff,osw,0,0
libreoffice_calc_37608790-6147-45d0-9f20-1137bb35703d,osw,0,0
libreoffice_calc_3a7c8185-25c1-4941-bd7b-96e823c9f21f,osw,0,0
libreoffice_calc_3aaa4e37-dc91-482e-99af-132a612d40f3,osw,0,0
libreoffice_calc_4172ea6e-6b77-4edb-a9cc-c0014bd1603b,osw,0,0
libreoffice_calc_4188d3a4-077d-46b7-9c86-23e1a036f6c1,osw,0,0
libreoffice_calc_42e0a640-4f19-4b28-973d-729602b5a4a7,osw,0,0
libreoffice_calc_4de54231-e4b5-49e3-b2ba-61a0bec721c0,osw,0,0
libreoffice_calc_4e6fcf72-daf3-439f-a232-c434ce416af6,osw,0,0
libreoffice_calc_4f07fbe9-70de-4927-a4d5-bb28bc12c52c,osw,0,0
libreoffice_calc_51719eea-10bc-4246-a428-ac7c433dd4b3,osw,0,0
libreoffice_calc_51b11269-2ca8-4b2a-9163-f21758420e78,osw,0,0
libreoffice_calc_535364ea-05bd-46ea-9937-9f55c68507e8,osw,0,0
libreoffice_calc_6054afcb-5bab-4702-90a0-b259b5d3217c,osw,0,0
libreoffice_calc_6e99a1ad-07d2-4b66-a1ce-ece6d99c20a5,osw,0,0
libreoffice_calc_7a4e4bc8-922c-4c84-865c-25ba34136be1,osw,0,0
libreoffice_calc_7e429b8d-a3f0-4ed0-9b58-08957d00b127,osw,0,0
libreoffice_calc_7efeb4b1-3d19-4762-b163-63328d66303b,osw,0,0
libreoffice_calc_8b1ce5f2-59d2-4dcc-b0b0-666a714b9a14,osw,0,0
libreoffice_calc_a01fbce3-2793-461f-ab86-43680ccbae25,osw,0,0
libreoffice_calc_a9f325aa-8c05-4e4f-8341-9e4358565f4f,osw,0,0
libreoffice_calc_aa3a8974-2e85-438b-b29e-a64df44deb4b,osw,0,0
libreoffice_calc_abed40dc-063f-4598-8ba5-9fe749c0615d,osw,0,0
libreoffice_calc_d681960f-7bc3-4286-9913-a8812ba3261a,osw,0,0
libreoffice_calc_eb03d19a-b88d-4de4-8a64-ca0ac66f426b,osw,0,0
libreoffice_calc_ecb0df7a-4e8d-4a03-b162-053391d3afaf,osw,0,0
libreoffice_calc_f9584479-3d0d-4c79-affa-9ad7afdd8850,osw,0,0
libreoffice_impress_04578141-1d42-4146-b9cf-6fab4ce5fd74,osw,0,0
libreoffice_impress_0f84bef9-9790-432e-92b7-eece357603fb,osw,0,0
libreoffice_impress_15aece23-a215-4579-91b4-69eec72e18da,osw,0,0
libreoffice_impress_21760ecb-8f62-40d2-8d85-0cee5725cb72,osw,0,0
libreoffice_impress_2b94c692-6abb-48ae-ab0b-b3e8a19cb340,osw,0,0
libreoffice_impress_2cd43775-7085-45d8-89fa-9e35c0a915cf,osw,0,0
libreoffice_impress_3161d64e-3120-47b4-aaad-6a764a92493b,osw,0,0
libreoffice_impress_358aa0a7-6677-453f-ae35-e440f004c31e,osw,0,0
libreoffice_impress_39be0d19-634d-4475-8768-09c130f5425d,osw,0,0
libreoffice_impress_3b27600c-3668-4abd-8f84-7bcdebbccbdb,osw,0,0
libreoffice_impress_550ce7e7-747b-495f-b122-acdc4d0b8e54,osw,0,0
libreoffice_impress_57667013-ea97-417c-9dce-2713091e6e2a,osw,0,0
libreoffice_impress_5d901039-a89c-4bfb-967b-bf66f4df075e,osw,0,0
libreoffice_impress_70bca0cc-c117-427e-b0be-4df7299ebeb6,osw,0,0
libreoffice_impress_7dbc52a6-11e0-4c9a-a2cb-1e36cfda80d8,osw,0,0
libreoffice_impress_986fc832-6af2-417c-8845-9272b3a1528b,osw,0,0
libreoffice_impress_9ec204e4-f0a3-42f8-8458-b772a6797cab,osw,0,0
libreoffice_impress_a097acff-6266-4291-9fbd-137af7ecd439,osw,0,0
libreoffice_impress_a434992a-89df-4577-925c-0c58b747f0f4,osw,0,0
libreoffice_impress_a669ef01-ded5-4099-9ea9-25e99b569840,osw,0,0
libreoffice_impress_ac1b39ff-ee4d-4483-abce-c117e98942f0,osw,0,0
libreoffice_impress_c59742c0-4323-4b9d-8a02-723c251deaa0,osw,0,0
libreoffice_impress_c82632a4-56b6-4db4-9dd1-3820ee3388e4,osw,0,0
libreoffice_impress_ce88f674-ab7a-43da-9201-468d38539e4a,osw,0,0
libreoffice_impress_edb61b14-a854-4bf5-a075-c8075c11293a,osw,0,0
libreoffice_impress_ef9d12bd-bcee-4ba0-a40e-918400f43ddf,osw,0,0
libreoffice_impress_f23acfd2-c485-4b7c-a1e7-d4303ddfe864,osw,0,0
libreoffice_writer_0810415c-bde4-4443-9047-d5f70165a697,osw,0,0
libreoffice_writer_0a0faba3-5580-44df-965d-f562a99b291c,osw,0,0
libreoffice_writer_0b17a146-2934-46c7-8727-73ff6b6483e8,osw,0,0
libreoffice_writer_0e47de2a-32e0-456c-a366-8c607ef7a9d2,osw,0,0
libreoffice_writer_0e763496-b6bb-4508-a427-fad0b6c3e195,osw,0,0
libreoffice_writer_3ef2b351-8a84-4ff2-8724-d86eae9b842e,osw,0,0
libreoffice_writer_4bcb1253-a636-4df4-8cb0-a35c04dfef31,osw,0,0
libreoffice_writer_66399b0d-8fda-4618-95c4-bfc6191617e9,osw,0,0
libreoffice_writer_6a33f9b9-0a56-4844-9c3f-96ec3ffb3ba2,osw,0,0
libreoffice_writer_6ada715d-3aae-4a32-a6a7-429b2e43fb93,osw,0,0
libreoffice_writer_6f81754e-285d-4ce0-b59e-af7edb02d108,osw,0,0
libreoffice_writer_72b810ef-4156-4d09-8f08-a0cf57e7cefe,osw,0,0
libreoffice_writer_8472fece-c7dd-4241-8d65-9b3cd1a0b568,osw,0,0
libreoffice_writer_88fe4b2d-3040-4c70-9a70-546a47764b48,osw,0,0
libreoffice_writer_936321ce-5236-426a-9a20-e0e3c5dc536f,osw,0,0
libreoffice_writer_adf5e2c3-64c7-4644-b7b6-d2f0167927e7,osw,0,0
libreoffice_writer_b21acd93-60fd-4127-8a43-2f5178f4a830,osw,0,0
libreoffice_writer_bb8ccc78-479f-4a2f-a71e-d565e439436b,osw,0,0
libreoffice_writer_d53ff5ee-3b1a-431e-b2be-30ed2673079b,osw,0,0
libreoffice_writer_e246f6d8-78d7-44ac-b668-fcf47946cb50,osw,0,0
libreoffice_writer_e528b65e-1107-4b8c-8988-490e4fece599,osw,0,0
libreoffice_writer_ecc2413d-8a48-416e-a3a2-d30106ca36cb,osw,0,0
libreoffice_writer_f178a4a9-d090-4b56-bc4c-4b72a61a035d,osw,0,0
multi_apps_00fa164e-2612-4439-992e-157d019a8436,osw,0,0
multi_apps_02ce9a50-7af2-47ed-8596-af0c230501f8,osw,0,0
multi_apps_09a37c51-e625-49f4-a514-20a773797a8a,osw,0,0
multi_apps_0c825995-5b70-4526-b663-113f4c999dd2,osw,0,0
multi_apps_0e5303d4-8820-42f6-b18d-daf7e633de21,osw,0,0
multi_apps_185f29bd-5da0-40a6-b69c-ba7f4e0324ef,osw,0,0
multi_apps_1f18aa87-af6f-41ef-9853-cdb8f32ebdea,osw,0,0
multi_apps_20236825-b5df-46e7-89bf-62e1d640a897,osw,0,0
multi_apps_227d2f97-562b-4ccb-ae47-a5ec9e142fbb,osw,0,0
multi_apps_22a4636f-8179-4357-8e87-d1743ece1f81,osw,0,0
multi_apps_236833a3-5704-47fc-888c-4f298f09f799,osw,0,0
multi_apps_2373b66a-092d-44cb-bfd7-82e86e7a3b4d,osw,0,0
multi_apps_26150609-0da3-4a7d-8868-0faf9c5f01bb,osw,0,0
multi_apps_26660ad1-6ebb-4f59-8cba-a8432dfe8d38,osw,0,0
multi_apps_2b9493d7-49b8-493a-a71b-56cd1f4d6908,osw,0,0
multi_apps_2c1ebcd7-9c6d-4c9a-afad-900e381ecd5e,osw,0,0
multi_apps_2c9fc0de-3ee7-45e1-a5df-c86206ad78b5,osw,0,0
multi_apps_2fe4b718-3bd7-46ec-bdce-b184f5653624,osw,0,0
multi_apps_337d318b-aa07-4f4f-b763-89d9a2dd013f,osw,0,0
multi_apps_36037439-2044-4b50-b9d1-875b5a332143,osw,0,0
multi_apps_3680a5ee-6870-426a-a997-eba929a0d25c,osw,0,0
multi_apps_3a93cae4-ad3e-403e-8c12-65303b271818,osw,0,0
multi_apps_3c8f201a-009d-4bbe-8b65-a6f8b35bb57f,osw,0,0
multi_apps_3e3fc409-bff3-4905-bf16-c968eee3f807,osw,0,0
multi_apps_3f05f3b9-29ba-4b6b-95aa-2204697ffc06,osw,0,0
multi_apps_415ef462-bed3-493a-ac36-ca8c6d23bf1b,osw,0,0
multi_apps_42d25c08-fb87-4927-8b65-93631280a26f,osw,0,0
multi_apps_42f4d1c7-4521-4161-b646-0a8934e36081,osw,0,0
multi_apps_46407397-a7d5-4c6b-92c6-dbe038b1457b,osw,0,0
multi_apps_47f7c0ce-a5fb-4100-a5e6-65cd0e7429e5,osw,0,0
multi_apps_48c46dc7-fe04-4505-ade7-723cba1aa6f6,osw,0,0
multi_apps_48d05431-6cd5-4e76-82eb-12b60d823f7d,osw,0,0
multi_apps_4c26e3f3-3a14-4d86-b44a-d3cedebbb487,osw,0,0
multi_apps_4e9f0faf-2ecc-4ae8-a804-28c9a75d1ddc,osw,0,0
multi_apps_510f64c8-9bcc-4be1-8d30-638705850618,osw,0,0
multi_apps_51f5801c-18b3-4f25-b0c3-02f85507a078,osw,0,0
multi_apps_58565672-7bfe-48ab-b828-db349231de6b,osw,0,0
multi_apps_5990457f-2adb-467b-a4af-5c857c92d762,osw,0,0
multi_apps_5bc63fb9-276a-4439-a7c1-9dc76401737f,osw,0,0
multi_apps_5df7b33a-9f77-4101-823e-02f863e1c1ae,osw,0,0
multi_apps_67890eb6-6ce5-4c00-9e3d-fb4972699b06,osw,0,0
multi_apps_68a25bd4-59c7-4f4d-975e-da0c8509c848,osw,0,0
multi_apps_69acbb55-d945-4927-a87b-8480e1a5bb7e,osw,0,0
multi_apps_6d72aad6-187a-4392-a4c4-ed87269c51cf,osw,0,0
multi_apps_6f4073b8-d8ea-4ade-8a18-c5d1d5d5aa9a,osw,0,0
multi_apps_716a6079-22da-47f1-ba73-c9d58f986a38,osw,0,0
multi_apps_74d5859f-ed66-4d3e-aa0e-93d7a592ce41,osw,0,0
multi_apps_778efd0a-153f-4842-9214-f05fc176b877,osw,0,0
multi_apps_788b3701-3ec9-4b67-b679-418bfa726c22,osw,0,0
multi_apps_78aed49a-a710-4321-a793-b611a7c5b56b,osw,0,0
multi_apps_7e287123-70ca-47b9-8521-47db09b69b14,osw,0,0
multi_apps_7f35355e-02a6-45b5-b140-f0be698bcf85,osw,0,0
multi_apps_7ff48d5b-2df2-49da-b500-a5150ffc7f18,osw,0,0
multi_apps_81c425f5-78f3-4771-afd6-3d2973825947,osw,0,0
multi_apps_82e3c869-49f6-4305-a7ce-f3e64a0618e7,osw,0,0
multi_apps_869de13e-bef9-4b91-ba51-f6708c40b096,osw,0,0
multi_apps_873cafdd-a581-47f6-8b33-b9696ddb7b05,osw,0,0
multi_apps_881deb30-9549-4583-a841-8270c65f2a17,osw,0,0
multi_apps_897e3b53-5d4d-444b-85cb-2cdc8a97d903,osw,0,0
multi_apps_8df7e444-8e06-4f93-8a1a-c5c974269d82,osw,0,0
multi_apps_8e116af7-7db7-4e35-a68b-b0939c066c78,osw,0,0
multi_apps_91190194-f406-4cd6-b3f9-c43fac942b22,osw,0,0
multi_apps_9219480b-3aed-47fc-8bac-d2cffc5849f7,osw,0,0
multi_apps_937087b6-f668-4ba6-9110-60682ee33441,osw,0,0
multi_apps_98e8e339-5f91-4ed2-b2b2-12647cb134f4,osw,0,0
multi_apps_9f3bb592-209d-43bc-bb47-d77d9df56504,osw,0,0
multi_apps_a0b9dc9c-fc07-4a88-8c5d-5e3ecad91bcb,osw,0,0
multi_apps_a503b07f-9119-456b-b75d-f5146737d24f,osw,0,0
multi_apps_a74b607e-6bb5-4ea8-8a7c-5d97c7bbcd2a,osw,0,0
multi_apps_a82b78bb-7fde-4cb3-94a4-035baf10bcf0,osw,0,0
multi_apps_aad10cd7-9337-4b62-b704-a857848cedf2,osw,0,0
multi_apps_acb0f96b-e27c-44d8-b55f-7cb76609dfcd,osw,0,0
multi_apps_aceb0368-56b8-4073-b70e-3dc9aee184e0,osw,0,0
multi_apps_b337d106-053f-4d37-8da0-7f9c4043a66b,osw,0,0
multi_apps_b5062e3e-641c-4e3a-907b-ac864d2e7652,osw,0,0
multi_apps_b52b40a5-ad70-4c53-b5b0-5650a8387052,osw,0,0
multi_apps_bb83cab4-e5c7-42c7-a67b-e46068032b86,osw,0,0
multi_apps_bc2b57f3-686d-4ec9-87ce-edf850b7e442,osw,0,0
multi_apps_c2751594-0cd5-4088-be1b-b5f2f9ec97c4,osw,0,0
multi_apps_c7c1e4c3-9e92-4eba-a4b8-689953975ea4,osw,0,0
multi_apps_c867c42d-a52d-4a24-8ae3-f75d256b5618,osw,0,0
multi_apps_ce2b64a2-ddc1-4f91-8c7d-a88be7121aac,osw,0,0
multi_apps_d1acdb87-bb67-4f30-84aa-990e56a09c92,osw,0,0
multi_apps_d68204bf-11c1-4b13-b48b-d303c73d4bf6,osw,0,0
multi_apps_d9b7c649-c975-4f53-88f5-940b29c47247,osw,0,0
multi_apps_da52d699-e8d2-4dc5-9191-a2199e0b6a9b,osw,0,0
multi_apps_da922383-bfa4-4cd3-bbad-6bebab3d7742,osw,0,0
multi_apps_dd60633f-2c72-42ba-8547-6f2c8cb0fdb0,osw,0,0
multi_apps_deec51c9-3b1e-4b9e-993c-4776f20e8bb2,osw,0,0
multi_apps_df67aebb-fb3a-44fd-b75b-51b6012df509,osw,0,0
multi_apps_e135df7c-7687-4ac0-a5f0-76b74438b53e,osw,0,0
multi_apps_e1fc0df3-c8b9-4ee7-864c-d0b590d3aa56,osw,0,0
multi_apps_e2392362-125e-4f76-a2ee-524b183a3412,osw,0,0
multi_apps_e8172110-ec08-421b-a6f5-842e6451911f,osw,0,0
multi_apps_eb303e01-261e-4972-8c07-c9b4e7a4922a,osw,0,0
multi_apps_ee9a3c83-f437-4879-8918-be5efbb9fac7,osw,0,0
multi_apps_f5c13cdd-205c-4719-a562-348ae5cd1d91,osw,0,0
multi_apps_f7dfbef3-7697-431c-883a-db8583a4e4f9,osw,0,0
multi_apps_f8369178-fafe-40c2-adc4-b9b08a125456,osw,0,0
multi_apps_f8cfa149-d1c1-4215-8dac-4a0932bad3c2,osw,0,0
multi_apps_f918266a-b3e0-4914-865d-4faa564f1aef,osw,0,0
os_13584542-872b-42d8-b299-866967b5c3ef,osw,0,0
os_23393935-50c7-4a86-aeea-2b78fd089c5c,osw,0,0
os_28cc3b7e-b194-4bc9-8353-d04c0f4d56d2,osw,0,0
os_37887e8c-da15-4192-923c-08fa390a176d,osw,0,0
os_3ce045a0-877b-42aa-8d2c-b4a863336ab8,osw,0,0
os_4127319a-8b79-4410-b58a-7a151e15f3d7,osw,0,0
os_4783cc41-c03c-4e1b-89b4-50658f642bd5,osw,0,0
os_4d117223-a354-47fb-8b45-62ab1390a95f,osw,0,0
os_5812b315-e7bd-4265-b51f-863c02174c28,osw,0,0
os_5c1075ca-bb34-46a3-a7a0-029bd7463e79,osw,0,0
os_5ced85fc-fa1a-4217-95fd-0fb530545ce2,osw,0,0
os_5ea617a3-0e86-4ba6-aab2-dac9aa2e8d57,osw,0,0
os_6f56bf42-85b8-4fbb-8e06-6c44960184ba,osw,0,0
os_94d95f96-9699-4208-98ba-3c3119edf9c2,osw,0,0
os_a462a795-fdc7-4b23-b689-e8b6df786b78,osw,0,0
os_a4d98375-215b-4a4d-aee9-3d4370fccc41,osw,0,0
os_b3d4a89c-53f2-4d6b-8b6a-541fb5d205fa,osw,0,0
os_b6781586-6346-41cd-935a-a6b1487918fc,osw,0,0
os_bedcedc4-4d72-425e-ad62-21960b11fe0d,osw,0,0
os_c288e301-e626-4b98-a1ab-159dcb162af5,osw,0,0
os_e0df059f-28a6-4169-924f-b9623e7184cc,osw,0,0
os_ec4e3f68-9ea4-4c18-a5c9-69f89d1178b3,osw,0,0
os_f9be0997-4b7c-45c5-b05c-4612b44a6118,osw,0,0
os_fe41f596-a71b-4c2f-9b2f-9dcd40b568c3,osw,0,0
thunderbird_08c73485-7c6d-4681-999d-919f5c32dcfa,osw,0,0
thunderbird_10a730d5-d414-4b40-b479-684bed1ae522,osw,0,0
thunderbird_15c3b339-88f7-4a86-ab16-e71c58dcb01e,osw,0,0
thunderbird_3f28fe4f-5d9d-4994-a456-efd78cfae1a3,osw,0,0
thunderbird_3f49d2cc-f400-4e7d-90cc-9b18e401cc31,osw,0,0
thunderbird_5203d847-2572-4150-912a-03f062254390,osw,0,0
thunderbird_7b1e1ff9-bb85-49be-b01d-d6424be18cd0,osw,0,0
thunderbird_9b7bc335-06b5-4cd3-9119-1a649c478509,osw,0,0
thunderbird_9bc3cc16-074a-45ac-9bdc-b2a362e1daf3,osw,0,0
thunderbird_a10b69e1-6034-4a2b-93e1-571d45194f75,osw,0,0
thunderbird_a1af9f1c-50d5-4bc3-a51e-4d9b425ff638,osw,0,0
thunderbird_d38192b0-17dc-4e1d-99c3-786d0117de77,osw,0,0
thunderbird_dd84e895-72fd-4023-a336-97689ded257c,osw,0,0
thunderbird_dfac9ee8-9bc4-4cdc-b465-4a4bfcd2f397,osw,0,0
thunderbird_f201fbc3-44e6-46fc-bcaa-432f9815454c,osw,0,0
vlc_215dfd39-f493-4bc3-a027-8a97d72c61bf,osw,0,0
vlc_386dbd0e-0241-4a0a-b6a2-6704fba26b1c,osw,0,0
vlc_59f21cfb-0120-4326-b255-a5b827b38967,osw,0,0
vlc_5ac2891a-eacd-4954-b339-98abba077adb,osw,0,0
vlc_7882ed6e-bece-4bf0-bada-c32dc1ddae72,osw,0,0
vlc_8ba5ae7a-5ae5-4eab-9fcc-5dd4fe3abf89,osw,0,0
vlc_8d9fd4e2-6fdb-46b0-b9b9-02f06495c62f,osw,0,0
vlc_8f080098-ddb1-424c-b438-4e96e5e4786e,osw,0,0
vlc_9195653c-f4aa-453d-aa95-787f6ccfaae9,osw,0,0
vlc_a5bbbcd5-b398-4c91-83d4-55e1e31bbb81,osw,0,0
vlc_aa4b5023-aef6-4ed9-bdc9-705f59ab9ad6,osw,0,0
vlc_cb130f0d-d36f-4302-9838-b3baf46139b6,osw,0,0
vlc_d06f0d4d-2cd5-4ede-8de9-598629438c6e,osw,0,0
vlc_efcf0d81-0835-4880-b2fd-d866e8bc2294,osw,0,0
vlc_f3977615-2b45-4ac5-8bba-80c17dbe2a37,osw,0,0
vlc_fba2c100-79e8-42df-ae74-b592418d54f4,osw,0,0
vs_code_0512bb38-d531-4acf-9e7e-0add90816068,osw,0,0
vs_code_0ed39f63-6049-43d4-ba4d-5fa2fe04a951,osw,0,0
vs_code_276cc624-87ea-4f08-ab93-f770e3790175,osw,0,0
vs_code_4e60007a-f5be-4bfc-9723-c39affa0a6d3,osw,0,0
vs_code_53ad5833-3455-407b-bbc6-45b4c79ab8fb,osw,0,0
vs_code_57242fad-77ca-454f-b71b-f187181a9f23,osw,0,0
vs_code_5e2d93d8-8ad0-4435-b150-1692aacaa994,osw,0,0
vs_code_6ed0a554-cbee-4b44-84ea-fd6c042f4fe1,osw,0,0
vs_code_70745df8-f2f5-42bd-8074-fbc10334fcc5,osw,0,0
vs_code_7aeae0e2-70ee-4705-821d-1bba5d5b2ddd,osw,0,0
vs_code_7c4cc09e-7a92-40dd-8338-b2286535c4ed,osw,0,0
vs_code_847a96b6-df94-4927-97e6-8cc9ea66ced7,osw,0,0
vs_code_930fdb3b-11a8-46fe-9bac-577332e2640e,osw,0,0
vs_code_9439a27b-18ae-42d8-9778-5f68f891805e,osw,0,0
vs_code_971cbb5b-3cbf-4ff7-9e24-b5c84fcebfa6,osw,0,0
vs_code_982d12a5-beab-424f-8d38-d2a48429e511,osw,0,0
vs_code_9d425400-e9b2-4424-9a4b-d4c7abac4140,osw,0,0
vs_code_c6bf789c-ba3a-4209-971d-b63abf0ab733,osw,0,0
vs_code_dcbe20e8-647f-4f1d-8696-f1c5bbb570e3,osw,0,0
vs_code_e2b5e914-ffe1-44d2-8e92-58f8c5d92bb2,osw,0,0
vs_code_ea98c5d7-3cf9-4f9b-8ad3-366b58e0fcae,osw,0,0
vs_code_eabc805a-bfcf-4460-b250-ac92135819f6,osw,0,0
vs_code_ec71221e-ac43-46f9-89b8-ee7d80f7e1c5,osw,0,0
classifieds_0,vwa,1,0
classifieds_1,vwa,0,1
classifieds_2,vwa,0,1
classifieds_3,vwa,0,1
classifieds_4,vwa,0,1
classifieds_5,vwa,0,1
classifieds_6,vwa,0,1
classifieds_7,vwa,0,1
classifieds_8,vwa,0,1
classifieds_9,vwa,0,1
classifieds_10,vwa,0,1
classifieds_11,vwa,0,1
classifieds_12,vwa,0,1
classifieds_13,vwa,0,1
classifieds_14,vwa,0,1
classifieds_15,vwa,0,1
classifieds_16,vwa,0,1
classifieds_17,vwa,0,1
classifieds_18,vwa,1,0
classifieds_19,vwa,0,1
classifieds_20,vwa,0,1
classifieds_21,vwa,0,1
classifieds_22,vwa,0,1
classifieds_23,vwa,0,1
classifieds_24,vwa,0,1
classifieds_25,vwa,0,1
classifieds_26,vwa,0,1
classifieds_27,vwa,0,1
classifieds_28,vwa,0,1
classifieds_29,vwa,0,1
classifieds_30,vwa,0,1
classifieds_31,vwa,0,1
classifieds_32,vwa,0,1
classifieds_33,vwa,0,1
classifieds_34,vwa,0,1
classifieds_35,vwa,0,1
classifieds_36,vwa,0,1
classifieds_37,vwa,0,1
classifieds_38,vwa,0,1
classifieds_39,vwa,0,1
classifieds_40,vwa,0,1
classifieds_41,vwa,0,1
classifieds_42,vwa,0,1
classifieds_43,vwa,0,1
classifieds_44,vwa,0,1
classifieds_45,vwa,0,1
classifieds_46,vwa,1,0
classifieds_47,vwa,1,0
classifieds_48,vwa,0,1
classifieds_49,vwa,0,1
classifieds_50,vwa,0,1
classifieds_51,vwa,0,1
classifieds_52,vwa,0,1
classifieds_53,vwa,0,1
classifieds_54,vwa,0,1
classifieds_55,vwa,0,1
classifieds_56,vwa,1,0
classifieds_57,vwa,0,1
classifieds_58,vwa,0,1
classifieds_59,vwa,0,1
classifieds_60,vwa,0,1
classifieds_61,vwa,1,0
classifieds_62,vwa,1,0
classifieds_63,vwa,0,1
classifieds_64,vwa,0,1
classifieds_65,vwa,0,1
classifieds_66,vwa,0,1
classifieds_67,vwa,0,1
classifieds_68,vwa,0,1
classifieds_69,vwa,0,1
classifieds_70,vwa,0,1
classifieds_71,vwa,1,0
classifieds_72,vwa,1,0
classifieds_73,vwa,0,1
classifieds_74,vwa,1,0
classifieds_75,vwa,0,1
classifieds_76,vwa,0,1
classifieds_77,vwa,0,1
classifieds_78,vwa,0,1
classifieds_79,vwa,1,0
classifieds_80,vwa,0,1
classifieds_81,vwa,0,1
classifieds_82,vwa,1,0
classifieds_83,vwa,1,0
classifieds_84,vwa,0,1
classifieds_85,vwa,1,0
classifieds_86,vwa,1,0
classifieds_87,vwa,0,1
classifieds_88,vwa,0,1
classifieds_89,vwa,0,1
classifieds_90,vwa,1,0
classifieds_91,vwa,0,1
classifieds_92,vwa,0,1
classifieds_93,vwa,1,0
classifieds_94,vwa,1,0
classifieds_95,vwa,0,1
classifieds_96,vwa,1,0
classifieds_97,vwa,1,0
classifieds_98,vwa,1,0
classifieds_99,vwa,0,1
classifieds_100,vwa,1,0
classifieds_101,vwa,0,1
classifieds_102,vwa,1,0
classifieds_103,vwa,1,0
classifieds_104,vwa,1,0
classifieds_105,vwa,0,1
classifieds_106,vwa,0,1
classifieds_107,vwa,0,1
classifieds_108,vwa,0,1
classifieds_109,vwa,0,1
classifieds_110,vwa,0,1
classifieds_111,vwa,0,1
classifieds_112,vwa,1,0
classifieds_113,vwa,0,1
classifieds_114,vwa,1,0
classifieds_115,vwa,0,1
classifieds_116,vwa,1,0
classifieds_117,vwa,0,1
classifieds_118,vwa,0,1
classifieds_119,vwa,0,1
classifieds_120,vwa,1,0
classifieds_121,vwa,1,0
classifieds_122,vwa,0,1
classifieds_123,vwa,0,1
classifieds_124,vwa,0,1
classifieds_125,vwa,1,0
classifieds_126,vwa,1,0
classifieds_127,vwa,1,0
classifieds_128,vwa,1,0
classifieds_129,vwa,0,1
classifieds_130,vwa,1,0
classifieds_131,vwa,1,0
classifieds_132,vwa,0,1
classifieds_133,vwa,0,1
classifieds_134,vwa,1,0
classifieds_135,vwa,0,1
classifieds_136,vwa,1,0
classifieds_137,vwa,0,1
classifieds_138,vwa,1,0
classifieds_139,vwa,0,1
classifieds_140,vwa,1,0
classifieds_141,vwa,0,1
classifieds_142,vwa,1,0
classifieds_143,vwa,1,0
classifieds_144,vwa,0,1
classifieds_145,vwa,0,1
classifieds_146,vwa,1,0
classifieds_147,vwa,0,1
classifieds_148,vwa,1,0
classifieds_149,vwa,0,1
classifieds_150,vwa,0,1
classifieds_151,vwa,0,1
classifieds_152,vwa,0,1
classifieds_153,vwa,0,1
classifieds_154,vwa,0,1
classifieds_155,vwa,0,1
classifieds_156,vwa,0,1
classifieds_157,vwa,0,1
classifieds_158,vwa,0,1
classifieds_159,vwa,0,1
classifieds_160,vwa,0,1
classifieds_161,vwa,1,0
classifieds_162,vwa,0,1
classifieds_163,vwa,1,0
classifieds_164,vwa,0,1
classifieds_165,vwa,1,0
classifieds_166,vwa,0,1
classifieds_167,vwa,0,1
classifieds_168,vwa,1,0
classifieds_169,vwa,1,0
classifieds_170,vwa,1,0
classifieds_171,vwa,1,0
classifieds_172,vwa,1,0
classifieds_173,vwa,0,1
classifieds_174,vwa,1,0
classifieds_175,vwa,1,0
classifieds_176,vwa,0,1
classifieds_177,vwa,0,1
classifieds_178,vwa,1,0
classifieds_179,vwa,0,1
classifieds_180,vwa,0,1
classifieds_181,vwa,1,0
classifieds_182,vwa,1,0
classifieds_183,vwa,0,1
classifieds_184,vwa,1,0
classifieds_185,vwa,1,0
classifieds_186,vwa,1,0
classifieds_187,vwa,0,1
classifieds_188,vwa,1,0
classifieds_189,vwa,0,1
classifieds_190,vwa,1,0
classifieds_191,vwa,0,1
classifieds_192,vwa,0,1
classifieds_193,vwa,0,1
classifieds_194,vwa,0,1
classifieds_195,vwa,0,1
classifieds_196,vwa,0,1
classifieds_197,vwa,1,0
classifieds_198,vwa,1,0
classifieds_199,vwa,0,1
classifieds_200,vwa,1,0
classifieds_201,vwa,1,0
classifieds_202,vwa,0,1
classifieds_203,vwa,1,0
classifieds_204,vwa,0,1
classifieds_205,vwa,1,0
classifieds_206,vwa,0,1
classifieds_207,vwa,0,1
classifieds_208,vwa,1,0
classifieds_209,vwa,1,0
classifieds_210,vwa,0,1
classifieds_211,vwa,0,1
classifieds_212,vwa,0,1
classifieds_213,vwa,1,0
classifieds_214,vwa,0,1
classifieds_215,vwa,0,1
classifieds_216,vwa,0,1
classifieds_217,vwa,1,0
classifieds_218,vwa,0,1
classifieds_219,vwa,0,1
classifieds_220,vwa,1,0
classifieds_221,vwa,1,0
classifieds_222,vwa,1,0
classifieds_223,vwa,1,0
classifieds_224,vwa,0,1
classifieds_225,vwa,0,1
classifieds_226,vwa,0,1
classifieds_227,vwa,0,1
classifieds_228,vwa,0,1
classifieds_229,vwa,1,0
classifieds_230,vwa,0,1
classifieds_231,vwa,1,0
classifieds_232,vwa,0,1
classifieds_233,vwa,1,0
reddit_0,vwa,1,0
reddit_1,vwa,0,1
reddit_2,vwa,0,1
reddit_3,vwa,0,1
reddit_4,vwa,0,1
reddit_5,vwa,0,1
reddit_6,vwa,0,1
reddit_7,vwa,0,1
reddit_8,vwa,0,1
reddit_9,vwa,0,1
reddit_10,vwa,0,1
reddit_11,vwa,0,1
reddit_12,vwa,0,1
reddit_13,vwa,0,1
reddit_14,vwa,0,1
reddit_15,vwa,0,1
reddit_16,vwa,0,1
reddit_17,vwa,0,1
reddit_18,vwa,0,1
reddit_19,vwa,0,1
reddit_20,vwa,0,1
reddit_21,vwa,0,1
reddit_22,vwa,0,1
reddit_23,vwa,0,1
reddit_24,vwa,0,1
reddit_25,vwa,0,1
reddit_26,vwa,0,1
reddit_27,vwa,0,1
reddit_28,vwa,0,1
reddit_29,vwa,0,1
reddit_30,vwa,0,1
reddit_31,vwa,0,1
reddit_32,vwa,0,1
reddit_33,vwa,0,1
reddit_34,vwa,0,1
reddit_35,vwa,0,1
reddit_36,vwa,0,1
reddit_37,vwa,0,1
reddit_38,vwa,0,1
reddit_39,vwa,0,1
reddit_40,vwa,0,1
reddit_41,vwa,0,1
reddit_42,vwa,0,1
reddit_43,vwa,0,1
reddit_44,vwa,0,1
reddit_45,vwa,0,1
reddit_46,vwa,0,1
reddit_47,vwa,0,1
reddit_48,vwa,0,1
reddit_49,vwa,0,1
reddit_50,vwa,0,1
reddit_51,vwa,0,1
reddit_52,vwa,0,1
reddit_53,vwa,0,1
reddit_54,vwa,0,1
reddit_55,vwa,0,1
reddit_56,vwa,0,1
reddit_57,vwa,0,1
reddit_58,vwa,1,0
reddit_59,vwa,0,1
reddit_60,vwa,0,1
reddit_61,vwa,0,1
reddit_62,vwa,1,0
reddit_63,vwa,0,1
reddit_64,vwa,0,1
reddit_65,vwa,0,1
reddit_66,vwa,0,1
reddit_67,vwa,1,0
reddit_68,vwa,0,1
reddit_69,vwa,0,1
reddit_70,vwa,0,1
reddit_71,vwa,0,1
reddit_72,vwa,0,1
reddit_73,vwa,1,0
reddit_74,vwa,1,0
reddit_75,vwa,1,0
reddit_76,vwa,0,1
reddit_77,vwa,0,1
reddit_78,vwa,1,0
reddit_79,vwa,1,0
reddit_80,vwa,0,1
reddit_81,vwa,0,1
reddit_82,vwa,0,1
reddit_83,vwa,0,1
reddit_84,vwa,1,0
reddit_85,vwa,1,0
reddit_86,vwa,0,1
reddit_87,vwa,1,0
reddit_88,vwa,1,0
reddit_89,vwa,1,0
reddit_90,vwa,0,1
reddit_91,vwa,0,1
reddit_92,vwa,1,0
reddit_93,vwa,0,1
reddit_94,vwa,0,1
reddit_95,vwa,0,1
reddit_96,vwa,0,1
reddit_97,vwa,0,1
reddit_98,vwa,0,1
reddit_99,vwa,1,0
reddit_100,vwa,0,1
reddit_101,vwa,0,1
reddit_102,vwa,1,0
reddit_103,vwa,0,1
reddit_104,vwa,0,1
reddit_105,vwa,0,1
reddit_106,vwa,1,0
reddit_107,vwa,1,0
reddit_108,vwa,1,0
reddit_109,vwa,0,1
reddit_110,vwa,0,1
reddit_111,vwa,1,0
reddit_112,vwa,0,1
reddit_113,vwa,0,1
reddit_114,vwa,1,0
reddit_115,vwa,0,1
reddit_116,vwa,0,1
reddit_117,vwa,1,0
reddit_118,vwa,0,1
reddit_119,vwa,0,1
reddit_120,vwa,1,0
reddit_121,vwa,0,1
reddit_122,vwa,1,0
reddit_123,vwa,1,0
reddit_124,vwa,0,1
reddit_125,vwa,0,1
reddit_126,vwa,1,0
reddit_127,vwa,0,1
reddit_128,vwa,0,1
reddit_129,vwa,1,0
reddit_130,vwa,0,1
reddit_131,vwa,0,1
reddit_132,vwa,1,0
reddit_133,vwa,0,1
reddit_134,vwa,0,1
reddit_135,vwa,1,0
reddit_136,vwa,0,1
reddit_137,vwa,1,0
reddit_138,vwa,1,0
reddit_139,vwa,0,1
reddit_140,vwa,1,0
reddit_141,vwa,1,0
reddit_142,vwa,0,1
reddit_143,vwa,0,1
reddit_144,vwa,0,1
reddit_145,vwa,1,0
reddit_146,vwa,1,0
reddit_147,vwa,1,0
reddit_148,vwa,0,1
reddit_149,vwa,0,1
reddit_150,vwa,0,1
reddit_151,vwa,0,1
reddit_152,vwa,0,1
reddit_153,vwa,1,0
reddit_154,vwa,1,0
reddit_155,vwa,1,0
reddit_156,vwa,1,0
reddit_157,vwa,1,0
reddit_158,vwa,0,1
reddit_159,vwa,1,0
reddit_160,vwa,1,0
reddit_161,vwa,1,0
reddit_162,vwa,1,0
reddit_163,vwa,0,1
reddit_164,vwa,1,0
reddit_165,vwa,0,1
reddit_166,vwa,1,0
reddit_167,vwa,1,0
reddit_168,vwa,1,0
reddit_169,vwa,1,0
reddit_170,vwa,1,0
reddit_171,vwa,0,1
reddit_172,vwa,1,0
reddit_173,vwa,0,1
reddit_174,vwa,0,1
reddit_175,vwa,1,0
reddit_176,vwa,0,1
reddit_177,vwa,1,0
reddit_178,vwa,0,1
reddit_179,vwa,1,0
reddit_180,vwa,1,0
reddit_181,vwa,0,1
reddit_182,vwa,1,0
reddit_183,vwa,0,1
reddit_184,vwa,1,0
reddit_185,vwa,1,0
reddit_186,vwa,0,1
reddit_187,vwa,0,1
reddit_188,vwa,0,1
reddit_189,vwa,1,0
reddit_190,vwa,1,0
reddit_191,vwa,0,1
reddit_192,vwa,1,0
reddit_193,vwa,1,0
reddit_194,vwa,0,1
reddit_195,vwa,0,1
reddit_196,vwa,0,1
reddit_197,vwa,1,0
reddit_198,vwa,0,1
reddit_199,vwa,1,0
reddit_200,vwa,0,1
reddit_201,vwa,1,0
reddit_202,vwa,0,1
reddit_203,vwa,1,0
reddit_204,vwa,0,1
reddit_205,vwa,0,1
reddit_206,vwa,1,0
reddit_207,vwa,1,0
reddit_208,vwa,0,1
reddit_209,vwa,0,1
shopping_0,vwa,1,0
shopping_1,vwa,0,1
shopping_2,vwa,0,1
shopping_3,vwa,0,1
shopping_4,vwa,0,1
shopping_5,vwa,0,1
shopping_6,vwa,0,1
shopping_7,vwa,0,1
shopping_8,vwa,0,1
shopping_9,vwa,0,1
shopping_10,vwa,0,1
shopping_11,vwa,0,1
shopping_12,vwa,0,1
shopping_13,vwa,0,1
shopping_14,vwa,0,1
shopping_15,vwa,0,1
shopping_16,vwa,0,1
shopping_17,vwa,0,1
shopping_18,vwa,0,1
shopping_19,vwa,0,1
shopping_20,vwa,0,1
shopping_21,vwa,0,1
shopping_22,vwa,0,1
shopping_23,vwa,0,1
shopping_24,vwa,1,0
shopping_25,vwa,0,1
shopping_26,vwa,0,1
shopping_27,vwa,0,1
shopping_28,vwa,1,0
shopping_29,vwa,0,1
shopping_30,vwa,0,1
shopping_31,vwa,0,1
shopping_32,vwa,0,1
shopping_33,vwa,0,1
shopping_34,vwa,0,1
shopping_35,vwa,0,1
shopping_36,vwa,0,1
shopping_37,vwa,1,0
shopping_38,vwa,0,1
shopping_39,vwa,0,1
shopping_40,vwa,0,1
shopping_41,vwa,0,1
shopping_42,vwa,0,1
shopping_43,vwa,0,1
shopping_44,vwa,0,1
shopping_45,vwa,0,1
shopping_46,vwa,1,0
shopping_47,vwa,0,1
shopping_48,vwa,0,1
shopping_49,vwa,0,1
shopping_50,vwa,0,1
shopping_51,vwa,0,1
shopping_52,vwa,1,0
shopping_53,vwa,0,1
shopping_54,vwa,0,1
shopping_55,vwa,1,0
shopping_56,vwa,0,1
shopping_57,vwa,0,1
shopping_58,vwa,0,1
shopping_59,vwa,1,0
shopping_60,vwa,0,1
shopping_61,vwa,0,1
shopping_62,vwa,0,1
shopping_63,vwa,0,1
shopping_64,vwa,0,1
shopping_65,vwa,0,1
shopping_66,vwa,0,1
shopping_67,vwa,0,1
shopping_68,vwa,1,0
shopping_69,vwa,0,1
shopping_70,vwa,0,1
shopping_71,vwa,0,1
shopping_72,vwa,1,0
shopping_73,vwa,0,1
shopping_74,vwa,0,1
shopping_75,vwa,0,1
shopping_76,vwa,0,1
shopping_77,vwa,0,1
shopping_78,vwa,0,1
shopping_79,vwa,0,1
shopping_80,vwa,0,1
shopping_81,vwa,0,1
shopping_82,vwa,1,0
shopping_83,vwa,0,1
shopping_84,vwa,0,1
shopping_85,vwa,0,1
shopping_86,vwa,0,1
shopping_87,vwa,0,1
shopping_88,vwa,0,1
shopping_89,vwa,0,1
shopping_90,vwa,0,1
shopping_91,vwa,0,1
shopping_92,vwa,0,1
shopping_93,vwa,0,1
shopping_94,vwa,0,1
shopping_95,vwa,0,1
shopping_96,vwa,0,1
shopping_97,vwa,0,1
shopping_98,vwa,0,1
shopping_99,vwa,0,1
shopping_100,vwa,0,1
shopping_101,vwa,0,1
shopping_102,vwa,0,1
shopping_103,vwa,0,1
shopping_104,vwa,0,1
shopping_105,vwa,1,0
shopping_106,vwa,0,1
shopping_107,vwa,0,1
shopping_108,vwa,0,1
shopping_109,vwa,1,0
shopping_110,vwa,0,1
shopping_111,vwa,0,1
shopping_112,vwa,0,1
shopping_113,vwa,0,1
shopping_114,vwa,0,1
shopping_115,vwa,0,1
shopping_116,vwa,0,1
shopping_117,vwa,0,1
shopping_118,vwa,0,1
shopping_119,vwa,0,1
shopping_120,vwa,0,1
shopping_121,vwa,0,1
shopping_122,vwa,0,1
shopping_123,vwa,0,1
shopping_124,vwa,0,1
shopping_125,vwa,0,1
shopping_126,vwa,1,0
shopping_127,vwa,0,1
shopping_128,vwa,0,1
shopping_129,vwa,0,1
shopping_130,vwa,0,1
shopping_131,vwa,0,1
shopping_132,vwa,0,1
shopping_133,vwa,0,1
shopping_134,vwa,1,0
shopping_135,vwa,0,1
shopping_136,vwa,1,0
shopping_137,vwa,0,1
shopping_138,vwa,1,0
shopping_139,vwa,0,1
shopping_140,vwa,1,0
shopping_141,vwa,1,0
shopping_142,vwa,0,1
shopping_143,vwa,0,1
shopping_144,vwa,1,0
shopping_145,vwa,0,1
shopping_146,vwa,1,0
shopping_147,vwa,0,1
shopping_148,vwa,0,1
shopping_149,vwa,0,1
shopping_150,vwa,0,1
shopping_151,vwa,0,1
shopping_152,vwa,0,1
shopping_153,vwa,0,1
shopping_154,vwa,1,0
shopping_155,vwa,0,1
shopping_156,vwa,0,1
shopping_157,vwa,0,1
shopping_158,vwa,0,1
shopping_159,vwa,1,0
shopping_160,vwa,0,1
shopping_161,vwa,0,1
shopping_162,vwa,0,1
shopping_163,vwa,1,0
shopping_164,vwa,0,1
shopping_165,vwa,0,1
shopping_166,vwa,0,1
shopping_167,vwa,0,1
shopping_168,vwa,1,0
shopping_169,vwa,0,1
shopping_170,vwa,0,1
shopping_171,vwa,0,1
shopping_172,vwa,0,1
shopping_173,vwa,0,1
shopping_174,vwa,0,1
shopping_175,vwa,0,1
shopping_176,vwa,0,1
shopping_177,vwa,1,0
shopping_178,vwa,0,1
shopping_179,vwa,0,1
shopping_180,vwa,0,1
shopping_181,vwa,0,1
shopping_182,vwa,1,0
shopping_183,vwa,0,1
shopping_184,vwa,0,1
shopping_185,vwa,1,0
shopping_186,vwa,1,0
shopping_187,vwa,1,0
shopping_188,vwa,1,0
shopping_189,vwa,0,1
shopping_190,vwa,0,1
shopping_191,vwa,1,0
shopping_192,vwa,1,0
shopping_193,vwa,0,1
shopping_194,vwa,1,0
shopping_195,vwa,0,1
shopping_196,vwa,0,1
shopping_197,vwa,1,0
shopping_198,vwa,1,0
shopping_199,vwa,1,0
shopping_200,vwa,0,1
shopping_201,vwa,0,1
shopping_202,vwa,1,0
shopping_203,vwa,0,1
shopping_204,vwa,1,0
shopping_205,vwa,0,1
shopping_206,vwa,0,1
shopping_207,vwa,1,0
shopping_208,vwa,0,1
shopping_209,vwa,0,1
shopping_210,vwa,0,1
shopping_211,vwa,1,0
shopping_212,vwa,0,1
shopping_213,vwa,1,0
shopping_214,vwa,0,1
shopping_215,vwa,1,0
shopping_216,vwa,1,0
shopping_217,vwa,0,1
shopping_218,vwa,0,1
shopping_219,vwa,1,0
shopping_220,vwa,0,1
shopping_221,vwa,0,1
shopping_222,vwa,1,0
shopping_223,vwa,1,0
shopping_224,vwa,1,0
shopping_225,vwa,0,1
shopping_226,vwa,1,0
shopping_227,vwa,0,1
shopping_228,vwa,0,1
shopping_229,vwa,0,1
shopping_230,vwa,0,1
shopping_231,vwa,1,0
shopping_232,vwa,1,0
shopping_233,vwa,1,0
shopping_234,vwa,0,1
shopping_235,vwa,0,1
shopping_236,vwa,0,1
shopping_237,vwa,1,0
shopping_238,vwa,0,1
shopping_239,vwa,1,0
shopping_240,vwa,0,1
shopping_241,vwa,1,0
shopping_242,vwa,1,0
shopping_243,vwa,1,0
shopping_244,vwa,0,1
shopping_245,vwa,1,0
shopping_246,vwa,0,1
shopping_247,vwa,1,0
shopping_248,vwa,0,1
shopping_249,vwa,1,0
shopping_250,vwa,0,1
shopping_251,vwa,1,0
shopping_252,vwa,1,0
shopping_253,vwa,0,1
shopping_254,vwa,1,0
shopping_255,vwa,1,0
shopping_256,vwa,0,1
shopping_257,vwa,1,0
shopping_258,vwa,1,0
shopping_259,vwa,1,0
shopping_260,vwa,1,0
shopping_261,vwa,0,1
shopping_262,vwa,0,1
shopping_263,vwa,1,0
shopping_264,vwa,1,0
shopping_265,vwa,0,1
shopping_266,vwa,1,0
shopping_267,vwa,1,0
shopping_268,vwa,0,1
shopping_269,vwa,1,0
shopping_270,vwa,0,1
shopping_271,vwa,0,1
shopping_272,vwa,1,0
shopping_273,vwa,1,0
shopping_274,vwa,0,1
shopping_275,vwa,0,1
shopping_276,vwa,1,0
shopping_277,vwa,0,1
shopping_278,vwa,0,1
shopping_279,vwa,0,1
shopping_280,vwa,1,0
shopping_281,vwa,1,0
shopping_282,vwa,0,1
shopping_283,vwa,0,1
shopping_284,vwa,1,0
shopping_285,vwa,1,0
shopping_286,vwa,1,0
shopping_287,vwa,1,0
shopping_288,vwa,0,1
shopping_289,vwa,1,0
shopping_290,vwa,0,1
shopping_291,vwa,0,1
shopping_292,vwa,1,0
shopping_293,vwa,0,1
shopping_294,vwa,0,1
shopping_295,vwa,1,0
shopping_296,vwa,0,1
shopping_297,vwa,0,1
shopping_298,vwa,1,0
shopping_299,vwa,0,1
shopping_300,vwa,0,1
shopping_301,vwa,0,1
shopping_302,vwa,1,0
shopping_303,vwa,0,1
shopping_304,vwa,0,1
shopping_305,vwa,1,0
shopping_306,vwa,1,0
shopping_307,vwa,0,1
shopping_308,vwa,0,1
shopping_309,vwa,1,0
shopping_310,vwa,0,1
shopping_311,vwa,0,1
shopping_312,vwa,0,1
shopping_313,vwa,1,0
shopping_314,vwa,0,1
shopping_315,vwa,1,0
shopping_316,vwa,1,0
shopping_317,vwa,0,1
shopping_318,vwa,1,0
shopping_319,vwa,0,1
shopping_320,vwa,0,1
shopping_321,vwa,0,1
shopping_322,vwa,1,0
shopping_323,vwa,0,1
shopping_324,vwa,0,1
shopping_325,vwa,1,0
shopping_326,vwa,0,1
shopping_327,vwa,0,1
shopping_328,vwa,0,1
shopping_329,vwa,1,0
shopping_330,vwa,1,0
shopping_331,vwa,1,0
shopping_332,vwa,0,1
shopping_333,vwa,0,1
shopping_334,vwa,1,0
shopping_335,vwa,1,0
shopping_336,vwa,0,1
shopping_337,vwa,0,1
shopping_338,vwa,0,1
shopping_339,vwa,1,0
shopping_340,vwa,1,0
shopping_341,vwa,0,1
shopping_342,vwa,1,0
shopping_343,vwa,0,1
shopping_344,vwa,0,1
shopping_345,vwa,1,0
shopping_346,vwa,0,1
shopping_347,vwa,1,0
shopping_348,vwa,1,0
shopping_349,vwa,1,0
shopping_350,vwa,0,1
shopping_351,vwa,0,1
shopping_352,vwa,0,1
shopping_353,vwa,1,0
shopping_354,vwa,1,0
shopping_355,vwa,0,1
shopping_356,vwa,1,0
shopping_357,vwa,1,0
shopping_358,vwa,1,0
shopping_359,vwa,0,1
shopping_360,vwa,1,0
shopping_361,vwa,0,1
shopping_362,vwa,0,1
shopping_363,vwa,0,1
shopping_364,vwa,1,0
shopping_365,vwa,0,1
shopping_366,vwa,1,0
shopping_367,vwa,0,1
shopping_368,vwa,1,0
shopping_369,vwa,0,1
shopping_370,vwa,1,0
shopping_371,vwa,1,0
shopping_372,vwa,0,1
shopping_373,vwa,0,1
shopping_374,vwa,0,1
shopping_375,vwa,1,0
shopping_376,vwa,0,1
shopping_377,vwa,0,1
shopping_378,vwa,1,0
shopping_379,vwa,0,1
shopping_380,vwa,0,1
shopping_381,vwa,1,0
shopping_382,vwa,0,1
shopping_383,vwa,0,1
shopping_384,vwa,0,1
shopping_385,vwa,0,1
shopping_386,vwa,1,0
shopping_387,vwa,1,0
shopping_388,vwa,1,0
shopping_389,vwa,0,1
shopping_390,vwa,0,1
shopping_391,vwa,1,0
shopping_392,vwa,0,1
shopping_393,vwa,0,1
shopping_394,vwa,0,1
shopping_395,vwa,0,1
shopping_396,vwa,1,0
shopping_397,vwa,0,1
shopping_398,vwa,1,0
shopping_399,vwa,0,1
shopping_400,vwa,1,0
shopping_401,vwa,0,1
shopping_402,vwa,0,1
shopping_403,vwa,0,1
shopping_404,vwa,0,1
shopping_405,vwa,0,1
shopping_406,vwa,1,0
shopping_407,vwa,0,1
shopping_408,vwa,0,1
shopping_409,vwa,1,0
shopping_410,vwa,0,1
shopping_411,vwa,0,1
shopping_412,vwa,1,0
shopping_413,vwa,1,0
shopping_414,vwa,0,1
shopping_415,vwa,0,1
shopping_416,vwa,0,1
shopping_417,vwa,1,0
shopping_418,vwa,0,1
shopping_419,vwa,0,1
shopping_420,vwa,0,1
shopping_421,vwa,0,1
shopping_422,vwa,1,0
shopping_423,vwa,1,0
shopping_424,vwa,1,0
shopping_425,vwa,0,1
shopping_426,vwa,0,1
shopping_427,vwa,1,0
shopping_428,vwa,0,1
shopping_429,vwa,0,1
shopping_430,vwa,0,1
shopping_431,vwa,1,0
shopping_432,vwa,1,0
shopping_433,vwa,1,0
shopping_434,vwa,0,1
shopping_435,vwa,0,1
shopping_436,vwa,0,1
shopping_437,vwa,1,0
shopping_438,vwa,1,0
shopping_439,vwa,0,1
shopping_440,vwa,1,0
shopping_441,vwa,1,0
shopping_442,vwa,0,1
shopping_443,vwa,1,0
shopping_444,vwa,1,0
shopping_445,vwa,0,1
shopping_446,vwa,1,0
shopping_447,vwa,1,0
shopping_448,vwa,0,1
shopping_449,vwa,0,1
shopping_450,vwa,1,0
shopping_451,vwa,1,0
shopping_452,vwa,0,1
shopping_453,vwa,1,0
shopping_454,vwa,0,1
shopping_455,vwa,0,1
shopping_456,vwa,0,1
shopping_457,vwa,1,0
shopping_458,vwa,0,1
shopping_459,vwa,0,1
shopping_460,vwa,1,0
shopping_461,vwa,0,1
shopping_462,vwa,1,0
shopping_463,vwa,1,0
shopping_464,vwa,0,1
shopping_465,vwa,0,1
